Workbook

Sheet Doctor Information
A1: Doctor ID | B1: Doctor Name | C1: Department | D1: Consultation Fee
A2: D001 | B2: Dr. Ali | C2: Cardiology | D2: 2000
A3: D002 | B3: Dr. Sana | C3: Neurology | D3: 2500
A4: D003 | B4: Dr. Ahmed | C4: Orthopedic | D4: 1800
A5: D004 | B5: Dr. Ayesha | C5: Pediatrics | D5: 1500
A6: D005 | B6: Dr. Faisal | C6: Dermatology | D6: 1700
A7: D006 | B7: Dr. Hina | C7: ENT | D7: 1600
A8: D007 | B8: Dr. Imran | C8: General Surgery | D8: 2200
A9: D008 | B9: Dr. Saba | C9: Ophthalmology | D9: 1900
A10: D009 | B10: Dr. Kamran | C10: Urology | D10: 2100
A11: D010 | B11: Dr. Nida | C11: Gynecology | D11: 2300
A12: D011 | B12: Dr. Farhan | C12: Cardiology | D12: 2000
A13: D012 | B13: Dr. Maria | C13: Neurology | D13: 2500
... A21: D020 | B21: Dr. Sana Khan | C21: Gynecology | D21: 2300

Sheet Appoinments Table
A1: Appoinment ID | B1: Patient Name | C1: Doctor ID | D1: Appointment Date | E1: Appointment Time | F1: Arrival Time | G1: Delay (mins) | H1: Status
A2: A001 | B2: Ali Khan | C2: =CONCATENATE("D",RIGHT(A2,LEN(A2) - 1)) -> D001 | D2: 46061 | E2: 0.41666667 | F2: 0.42013889 | G2: =IF(F2="", "", MAX(0, (F2-E2)*1440)) -> 5 | H2: =IF(AND(F2="", D2 < TODAY()), "Missed", IF(G2=0, "On Time", "Late")) -> Late
A3: A002 | B3: Sara Ahmed | C3: =CONCATENATE("D",RIGHT(A3,LEN(A3) - 1)) -> D002 | D3: 46061 | E3: 0.45833333 | F3: 0.45833333 | G3: =IF(F3="", "", MAX(0, (F3-E3)*1440)) -> 0 | H3: =IF(AND(F3="", D3 < TODAY()), "Missed", IF(G3=0, "On Time", "Late")) -> On Time
A4: A003 | B4: Hina Riaz | C4: =CONCATENATE("D",RIGHT(A4,LEN(A4) - 1)) -> D003 | D4: 46062 | E4: 0.58333333 | F4: 0.58333333 | G4: =IF(F4="", "", MAX(0, (F4-E4)*1440)) -> 0 | H4: =IF(AND(F4="", D4 < TODAY()), "Missed", IF(G4=0, "On Time", "Late")) -> On Time
A5: A004 | B5: Fahad Malik | C5: =CONCATENATE("D",RIGHT(A5,LEN(A5) - 1)) -> D004 | D5: 46056 | E5: 0.5625 | G5: =IF(F5="", "", MAX(0, (F5-E5)*1440)) | H5: =IF(AND(F5="", D5 < TODAY()), "Missed", IF(G5=0, "On Time", "Late")) -> Missed
A6: A005 | B6: Maria Khan | C6: =CONCATENATE("D",RIGHT(A6,LEN(A6) - 1)) -> D005 | D6: 46063 | E6: 0.625 | F6: 0.63194444 | G6: =IF(F6="", "", MAX(0, (F6-E6)*1440)) -> 10 | H6: =IF(AND(F6="", D6 < TODAY()), "Missed", IF(G6=0, "On Time", "Late")) -> Late
A7: A006 | B7: Omar Farooq | C7: =CONCATENATE("D",RIGHT(A7,LEN(A7) - 1)) -> D006 | D7: 46061 | E7: 0.39583333 | F7: 0.40972222 | G7: =IF(F7="", "", MAX(0, (F7-E7)*1440)) -> 20 | H7: =IF(AND(F7="", D7 < TODAY()), "Missed", IF(G7=0, "On Time", "Late")) -> Late
A8: A007 | B8: Usman Qureshi | C8: =CONCATENATE("D",RIGHT(A8,LEN(A8) - 1)) -> D007 | D8: 46063 | E8: 0.375 | F8: 0.375 | G8: =IF(F8="", "", MAX(0, (F8-E8)*1440)) -> 0 | H8: =IF(AND(F8="", D8 < TODAY()), "Missed", IF(G8=0, "On Time", "Late")) -> On Time
A9: A008 | B9: Sana Iqbal | C9: =CONCATENATE("D",RIGHT(A9,LEN(A9) - 1)) -> D008 | D9: 46064 | E9: 0.4375 | F9: 0.44791667 | G9: =IF(F9="", "", MAX(0, (F9-E9)*1440)) -> 15 | H9: =IF(AND(F9="", D9 < TODAY()), "Missed", IF(G9=0, "On Time", "Late")) -> Late
A10: A009 | B10: Kamran Ali | C10: =CONCATENATE("D",RIGHT(A10,LEN(A10) - 1)) -> D009 | D10: 46064 | E10: 0.46875 | F10: 0.46875 | G10: =IF(F10="", "", MAX(0, (F10-E10)*1440)) -> 0 | H10: =IF(AND(F10="", D10 < TODAY()), "Missed", IF(G10=0, "On Time", "Late")) -> On Time
A11: A010 | B11: Nida Rafiq | C11: =CONCATENATE("D",RIGHT(A11,LEN(A11) - 1)) -> D010 | D11: 46065 | E11: 0.5 | F11: 0.50347222 | G11: =IF(F11="", "", MAX(0, (F11-E11)*1440)) -> 5 | H11: =IF(AND(F11="", D11 < TODAY()), "Missed", IF(G11=0, "On Time", "Late")) -> Late
A12: A011 | B12: Farhan Shah | C12: =CONCATENATE("D",RIGHT(A12,LEN(A12) - 1)) -> D011 | D12: 46065 | E12: 0.54166667 | F12: 0.54166667 | G12: =IF(F12="", "", MAX(0, (F12-E12)*1440)) -> 0 | H12: =IF(AND(F12="", D12 < TODAY()), "Missed", IF(G12=0, "On Time", "Late")) -> On Time
A13: A012 | B13: Rabia Saeed | C13: =CONCATENATE("D",RIGHT(A13,LEN(A13) - 1)) -> D012 | D13: 46059 | E13: 0.23958333 | G13: =IF(F13="", "", MAX(0, (F13-E13)*1440)) | H13: =IF(AND(F13="", D13 < TODAY()), "Missed", IF(G13=0, "On Time", "Late")) -> Missed
A14: A013 | B14: Bilal Hassan | C14: =CONCATENATE("D",RIGHT(A14,LEN(A14) - 1)) -> D013 | D14: 46066 | E14: 0.39583333 | F14: 0.40277778 | G14: =IF(F14="", "", MAX(0, (F14-E14)*1440)) -> 10 | H14: =IF(AND(F14="", D14 < TODAY()), "Missed", IF(G14=0, "On Time", "Late")) -> Late
A15: A014 | B15: Iqra Tariq | C15: =CONCATENATE("D",RIGHT(A15,LEN(A15) - 1)) -> D014 | D15: 46061 | E15: 0.42708333 | G15: =IF(F15="", "", MAX(0, (F15-E15)*1440)) | H15: =IF(AND(F15="", D15 < TODAY()), "Missed", IF(G15=0, "On Time", "Late")) -> Missed
A16: A015 | B16: Zain Malik | C16: =CONCATENATE("D",RIGHT(A16,LEN(A16) - 1)) -> D015 | D16: 46067 | E16: 0.45833333 | F16: 0.45138889 | G16: =IF(F16="", "", MAX(0, (F16-E16)*1440)) -> 0 | H16: =IF(AND(F16="", D16 < TODAY()), "Missed", IF(G16=0, "On Time", "Late")) -> On Time
A17: A016 | B17: Sara khan | C17: =CONCATENATE("D",RIGHT(A17,LEN(A17) - 1)) -> D016 | D17: 46068 | E17: 0.03125 | F17: 0.034722222 | G17: =IF(F17="", "", MAX(0, (F17-E17)*1440)) -> 5 | H17: =IF(AND(F17="", D17 < TODAY()), "Missed", IF(G17=0, "On Time", "Late")) -> Late
A18: A017 | B18: Sobia malik | C18: =CONCATENATE("D",RIGHT(A18,LEN(A18) - 1)) -> D017 | D18: 46069 | E18: 0.91666667 | F18: 0.5 | G18: =IF(F18="", "", MAX(0, (F18-E18)*1440)) -> 0 | H18: =IF(AND(F18="", D18 < TODAY()), "Missed", IF(G18=0, "On Time", "Late")) -> On Time
A19: A018 | B19: Hamza rehan | C19: =CONCATENATE("D",RIGHT(A19,LEN(A19) - 1)) -> D018 | D19: 46069 | E19: 0.95833333 | F19: 0.52430556 | G19: =IF(F19="", "", MAX(0, (F19-E19)*1440)) -> 0 | H19: =IF(AND(F19="", D19 < TODAY()), "Missed", IF(G19=0, "On Time", "Late")) -> On Time
A20: A019 | B20: Talha khalid | C20: =CONCATENATE("D",RIGHT(A20,LEN(A20) - 1)) -> D019 | D20: 46055 | E20: 0.39583333 | G20: =IF(F20="", "", MAX(0, (F20-E20)*1440)) | H20: =IF(AND(F20="", D20 < TODAY()), "Missed", IF(G20=0, "On Time", "Late")) -> Missed
A21: A020 | B21: Zeeshan sheikh | C21: =CONCATENATE("D",RIGHT(A21,LEN(A21) - 1)) -> D020 | D21: 46071 | E21: 0.58333333 | F21: 0.57291667 | G21: =IF(F21="", "", MAX(0, (F21-E21)*1440)) -> 0 | H21: =IF(AND(F21="", D21 < TODAY()), "Missed", IF(G21=0, "On Time", "Late")) -> On Time

Sheet Billing Table
A1: Appoinment ID | B1: Appoinment Date | C1: Patient Name | D1: Doctor Id | E1: Doctor Fees | F1: Total Bill
A2: A001 | B2: =VLOOKUP(A2,Appoinment_Table[],4,false) -> 46061 | C2: =VLOOKUP(A2,Appoinment_Table[],2,false ) -> Ali Khan | D2: =VLOOKUP(A2,Appoinment_Table[],3,false ) -> D001 | E2: =IFERROR(VLOOKUP(TRIM(D2), 'Doctor Information'!A:D, 4, FALSE), "") -> 2000 | F2: =IF($E2="", "", $E2) -> 2000
A3: A002 | B3: =VLOOKUP(A3,Appoinment_Table[],4,false) -> 46061 | C3: =VLOOKUP(A3,Appoinment_Table[],2,false ) -> Sara Ahmed | D3: =VLOOKUP(A3,Appoinment_Table[],3,false ) -> D002 | E3: =IFERROR(VLOOKUP(TRIM(D3), 'Doctor Information'!A:D, 4, FALSE), "") -> 2500 | F3: =IF($E3="", "", $E3) -> 2500
A4: A003 | B4: =VLOOKUP(A4,Appoinment_Table[],4,false) -> 46062 | C4: =VLOOKUP(A4,Appoinment_Table[],2,false ) -> Hina Riaz | D4: =VLOOKUP(A4,Appoinment_Table[],3,false ) -> D003 | E4: =IFERROR(VLOOKUP(TRIM(D4), 'Doctor Information'!A:D, 4, FALSE), "") -> 1800 | F4: =IF($E4="", "", $E4) -> 1800
A5: A004 | B5: =VLOOKUP(A5,Appoinment_Table[],4,false) -> 46056 | C5: =VLOOKUP(A5,Appoinment_Table[],2,false ) -> Fahad Malik | D5: =VLOOKUP(A5,Appoinment_Table[],3,false ) -> D004 | E5: =IFERROR(VLOOKUP(TRIM(D5), 'Doctor Information'!A:D, 4, FALSE), "") -> 1500 | F5: =IF($E5="", "", $E5) -> 1500
A6: A005 | B6: =VLOOKUP(A6,Appoinment_Table[],4,false) -> 46063 | C6: =VLOOKUP(A6,Appoinment_Table[],2,false ) -> Maria Khan | D6: =VLOOKUP(A6,Appoinment_Table[],3,false ) -> D005 | E6: =IFERROR(VLOOKUP(TRIM(D6), 'Doctor Information'!A:D, 4, FALSE), "") -> 1700 | F6: =IF($E6="", "", $E6) -> 1700
A7: A006 | B7: =VLOOKUP(A7,Appoinment_Table[],4,false) -> 46061 | C7: =VLOOKUP(A7,Appoinment_Table[],2,false ) -> Omar Farooq | D7: =VLOOKUP(A7,Appoinment_Table[],3,false ) -> D006 | E7: =IFERROR(VLOOKUP(TRIM(D7), 'Doctor Information'!A:D, 4, FALSE), "") -> 1600 | F7: =IF($E7="", "", $E7) -> 1600
A8: A007 | B8: =VLOOKUP(A8,Appoinment_Table[],4,false) -> 46063 | C8: =VLOOKUP(A8,Appoinment_Table[],2,false ) -> Usman Qureshi | D8: =VLOOKUP(A8,Appoinment_Table[],3,false ) -> D007 | E8: =IFERROR(VLOOKUP(TRIM(D8), 'Doctor Information'!A:D, 4, FALSE), "") -> 2200 | F8: =IF($E8="", "", $E8) -> 2200
A9: A008 | B9: =VLOOKUP(A9,Appoinment_Table[],4,false) -> 46064 | C9: =VLOOKUP(A9,Appoinment_Table[],2,false ) -> Sana Iqbal | D9: =VLOOKUP(A9,Appoinment_Table[],3,false ) -> D008 | E9: =IFERROR(VLOOKUP(TRIM(D9), 'Doctor Information'!A:D, 4, FALSE), "") -> 1900 | F9: =IF($E9="", "", $E9) -> 1900
A10: A009 | B10: =VLOOKUP(A10,Appoinment_Table[],4,false) -> 46064 | C10: =VLOOKUP(A10,Appoinment_Table[],2,false ) -> Kamran Ali | D10: =VLOOKUP(A10,Appoinment_Table[],3,false ) -> D009 | E10: =IFERROR(VLOOKUP(TRIM(D10), 'Doctor Information'!A:D, 4, FALSE), "") -> 2100 | F10: =IF($E10="", "", $E10) -> 2100
A11: A010 | B11: =VLOOKUP(A11,Appoinment_Table[],4,false) -> 46065 | C11: =VLOOKUP(A11,Appoinment_Table[],2,false ) -> Nida Rafiq | D11: =VLOOKUP(A11,Appoinment_Table[],3,false ) -> D010 | E11: =IFERROR(VLOOKUP(TRIM(D11), 'Doctor Information'!A:D, 4, FALSE), "") -> 2300 | F11: =IF($E11="", "", $E11) -> 2300
A12: A011 | B12: =VLOOKUP(A12,Appoinment_Table[],4,false) -> 46065 | C12: =VLOOKUP(A12,Appoinment_Table[],2,false ) -> Farhan Shah | D12: =VLOOKUP(A12,Appoinment_Table[],3,false ) -> D011 | E12: =IFERROR(VLOOKUP(TRIM(D12), 'Doctor Information'!A:D, 4, FALSE), "") -> 2000 | F12: =IF($E12="", "", $E12) -> 2000
A13: A012 | B13: =VLOOKUP(A13,Appoinment_Table[],4,false) -> 46059 | C13: =VLOOKUP(A13,Appoinment_Table[],2,false ) -> Rabia Saeed | D13: =VLOOKUP(A13,Appoinment_Table[],3,false ) -> D012 | E13: =IFERROR(VLOOKUP(TRIM(D13), 'Doctor Information'!A:D, 4, FALSE), "") -> 2500 | F13: =IF($E13="", "", $E13) -> 2500
... A21: A020 | B21: =VLOOKUP(A21,Appoinment_Table[],4,false) -> 46071 | C21: =VLOOKUP(A21,Appoinment_Table[],2,false ) -> Zeeshan sheikh | D21: =VLOOKUP(A21,Appoinment_Table[],3,false ) -> D020 | E21: =IFERROR(VLOOKUP(TRIM(D21), 'Doctor Information'!A:D, 4, FALSE), "") -> 2300 | F21: =IF($E21="", "", $E21) -> 2300

Sheet Daily Revenue
A1: Date | B1: Total Patients | C1: Total Revenue
A2: 46061 | B2: =COUNTIF(Appoinment_Table[Appointment Date],A2) -> 4 | C2: =SUMIF('Billing Table'!B2, A2, 'Billing Table'!F2) -> 2000
A3: 46061 | B3: =COUNTIF(Appoinment_Table[Appointment Date],A3) -> 4 | C3: =SUMIF('Billing Table'!B3, A3, 'Billing Table'!F3) -> 2500
A4: 46062 | B4: =COUNTIF(Appoinment_Table[Appointment Date],A4) -> 1 | C4: =SUMIF('Billing Table'!B4, A4, 'Billing Table'!F4) -> 1800
A5: 46056 | B5: =COUNTIF(Appoinment_Table[Appointment Date],A5) -> 1 | C5: =SUMIF('Billing Table'!B5, A5, 'Billing Table'!F5) -> 1500
A6: 46063 | B6: =COUNTIF(Appoinment_Table[Appointment Date],A6) -> 2 | C6: =SUMIF('Billing Table'!B6, A6, 'Billing Table'!F6) -> 1700
A7: 46061 | B7: =COUNTIF(Appoinment_Table[Appointment Date],A7) -> 4 | C7: =SUMIF('Billing Table'!B7, A7, 'Billing Table'!F7) -> 1600
A8: 46063 | B8: =COUNTIF(Appoinment_Table[Appointment Date],A8) -> 2 | C8: =SUMIF('Billing Table'!B8, A8, 'Billing Table'!F8) -> 2200
A9: 46064 | B9: =COUNTIF(Appoinment_Table[Appointment Date],A9) -> 2 | C9: =SUMIF('Billing Table'!B9, A9, 'Billing Table'!F9) -> 1900
A10: 46064 | B10: =COUNTIF(Appoinment_Table[Appointment Date],A10) -> 2 | C10: =SUMIF('Billing Table'!B10, A10, 'Billing Table'!F10) -> 2100
A11: 46065 | B11: =COUNTIF(Appoinment_Table[Appointment Date],A11) -> 2 | C11: =SUMIF('Billing Table'!B11, A11, 'Billing Table'!F11) -> 2300
A12: 46065 | B12: =COUNTIF(Appoinment_Table[Appointment Date],A12) -> 2 | C12: =SUMIF('Billing Table'!B12, A12, 'Billing Table'!F12) -> 2000
A13: 46059 | B13: =COUNTIF(Appoinment_Table[Appointment Date],A13) -> 1 | C13: =SUMIF('Billing Table'!B13, A13, 'Billing Table'!F13) -> 2500
... A21: 46071 | B21: =COUNTIF(Appoinment_Table[Appointment Date],A21) -> 1 | C21: =SUMIF('Billing Table'!B21, A21, 'Billing Table'!F21) -> 2300

Sheet Doctor Wise Revenue
A1: Doctor ID | B1: Doctor Name | C1: Total Patients | D1: Total Renenue
A2: {=UNIQUE('Billing Table'!D2)} -> D001 | B2: {=UNIQUE('Doctor Information'!B2)} -> Dr. Ali | C2: =COUNTIF('Appoinments Table'!C:C,'Doctor Information'!A2) -> 1 | D2: =SUMIF('Appoinments Table'!C:C,'Doctor Information'!A2,'Billing Table'!F:F) -> 2000
A3: {=UNIQUE('Billing Table'!D3)} -> D002 | B3: {=UNIQUE('Doctor Information'!B3)} -> Dr. Sana | C3: =COUNTIF('Appoinments Table'!C:C,'Doctor Information'!A3) -> 1 | D3: =SUMIF('Appoinments Table'!C:C,'Doctor Information'!A3,'Billing Table'!F:F) -> 2500
A4: {=UNIQUE('Billing Table'!D4)} -> D003 | B4: {=UNIQUE('Doctor Information'!B4)} -> Dr. Ahmed | C4: =COUNTIF('Appoinments Table'!C:C,'Doctor Information'!A4) -> 1 | D4: =SUMIF('Appoinments Table'!C:C,'Doctor Information'!A4,'Billing Table'!F:F) -> 1800
A5: {=UNIQUE('Billing Table'!D5)} -> D004 | B5: {=UNIQUE('Doctor Information'!B5)} -> Dr. Ayesha | C5: =COUNTIF('Appoinments Table'!C:C,'Doctor Information'!A5) -> 1 | D5: =SUMIF('Appoinments Table'!C:C,'Doctor Information'!A5,'Billing Table'!F:F) -> 1500
A6: {=UNIQUE('Billing Table'!D6)} -> D005 | B6: {=UNIQUE('Doctor Information'!B6)} -> Dr. Faisal | C6: =COUNTIF('Appoinments Table'!C:C,'Doctor Information'!A6) -> 1 | D6: =SUMIF('Appoinments Table'!C:C,'Doctor Information'!A6,'Billing Table'!F:F) -> 1700
A7: {=UNIQUE('Billing Table'!D7)} -> D006 | B7: {=UNIQUE('Doctor Information'!B7)} -> Dr. Hina | C7: =COUNTIF('Appoinments Table'!C:C,'Doctor Information'!A7) -> 1 | D7: =SUMIF('Appoinments Table'!C:C,'Doctor Information'!A7,'Billing Table'!F:F) -> 1600
A8: {=UNIQUE('Billing Table'!D8)} -> D007 | B8: {=UNIQUE('Doctor Information'!B8)} -> Dr. Imran | C8: =COUNTIF('Appoinments Table'!C:C,'Doctor Information'!A8) -> 1 | D8: =SUMIF('Appoinments Table'!C:C,'Doctor Information'!A8,'Billing Table'!F:F) -> 2200
A9: {=UNIQUE('Billing Table'!D9)} -> D008 | B9: {=UNIQUE('Doctor Information'!B9)} -> Dr. Saba | C9: =COUNTIF('Appoinments Table'!C:C,'Doctor Information'!A9) -> 1 | D9: =SUMIF('Appoinments Table'!C:C,'Doctor Information'!A9,'Billing Table'!F:F) -> 1900
A10: {=UNIQUE('Billing Table'!D10)} -> D009 | B10: {=UNIQUE('Doctor Information'!B10)} -> Dr. Kamran | C10: =COUNTIF('Appoinments Table'!C:C,'Doctor Information'!A10) -> 1 | D10: =SUMIF('Appoinments Table'!C:C,'Doctor Information'!A10,'Billing Table'!F:F) -> 2100
A11: {=UNIQUE('Billing Table'!D11)} -> D010 | B11: {=UNIQUE('Doctor Information'!B11)} -> Dr. Nida | C11: =COUNTIF('Appoinments Table'!C:C,'Doctor Information'!A11) -> 1 | D11: =SUMIF('Appoinments Table'!C:C,'Doctor Information'!A11,'Billing Table'!F:F) -> 2300
A12: {=UNIQUE('Billing Table'!D12)} -> D011 | B12: {=UNIQUE('Doctor Information'!B12)} -> Dr. Farhan | C12: =COUNTIF('Appoinments Table'!C:C,'Doctor Information'!A12) -> 1 | D12: =SUMIF('Appoinments Table'!C:C,'Doctor Information'!A12,'Billing Table'!F:F) -> 2000
A13: {=UNIQUE('Billing Table'!D13)} -> D012 | B13: {=UNIQUE('Doctor Information'!B13)} -> Dr. Maria | C13: =COUNTIF('Appoinments Table'!C:C,'Doctor Information'!A13) -> 1 | D13: =SUMIF('Appoinments Table'!C:C,'Doctor Information'!A13,'Billing Table'!F:F) -> 2500
... A21: {=UNIQUE('Billing Table'!D21)} -> D020 | B21: {=UNIQUE('Doctor Information'!B21)} -> Dr. Sana Khan | C21: =COUNTIF('Appoinments Table'!C:C,'Doctor Information'!A21) -> 1 | D21: =SUMIF('Appoinments Table'!C:C,'Doctor Information'!A21,'Billing Table'!F:F) -> 2300
